id,name,email,phone,created_at
1,Ravi Menon,ravi.menon1@example.com,+910433218196,2026-01-01 00:00:00+05:30
2,Priya Reddy,priya.reddy2@example.com,+918637940265,2026-01-01 00:00:00+05:30
3,Kunal Menon,kunal.menon3@example.com,+915594078161,2026-01-01 00:00:00+05:30
4,Priyanka Reddy,priyanka.reddy4@example.com,+911034131647,2026-01-01 00:00:00+05:30
5,Harish Kaur,harish.kaur5@example.com,+911928327648,2026-01-01 00:00:00+05:30
6,Uday Sharma,uday.sharma6@example.com,+915641395376,2026-01-01 00:00:00+05:30
7,Siddharth Shah,siddharth.shah7@example.com,+918496965328,2026-01-01 00:00:00+05:30
8,Deepak Tiwari,deepak.tiwari8@example.com,+916916697848,2026-01-01 00:00:00+05:30
9,Pavan Pandey,pavan.pandey9@example.com,+914514627048,2026-01-01 00:00:00+05:30
10,Varsha Malhotra,varsha.malhotra10@example.com,+918932528809,2026-01-01 00:00:00+05:30
11,Varsha Tiwari,varsha.tiwari11@example.com,+914303911718,2026-01-01 00:00:00+05:30
12,Gopal Mehta,gopal.mehta12@example.com,+919638346578,2026-01-01 00:00:00+05:30
13,Priya Iyer,priya.iyer13@example.com,+919301031051,2026-01-01 00:00:00+05:30
14,Shyam Kapoor,shyam.kapoor14@example.com,+919973763116,2026-01-01 00:00:00+05:30
15,Rohit Malhotra,rohit.malhotra15@example.com,+911065133387,2026-01-01 00:00:00+05:30
16,Amir Joshi,amir.joshi16@example.com,+918108013267,2026-01-01 00:00:00+05:30
17,Aarav Verma,aarav.verma17@example.com,+914746872343,2026-01-01 00:00:00+05:30
18,Alok Sharma,alok.sharma18@example.com,+919788208121,2026-01-01 00:00:00+05:30
19,Vipin Nanda,vipin.nanda19@example.com,+913990916998,2026-01-01 00:00:00+05:30
20,Gopal Verma,gopal.verma20@example.com,+912475107991,2026-01-01 00:00:00+05:30
21,Vipin Nair,vipin.nair21@example.com,+913542784980,2026-01-01 00:00:00+05:30
22,Vipin Pillai,vipin.pillai22@example.com,+914118244935,2026-01-01 00:00:00+05:30
23,Vishal Kapoor,vishal.kapoor23@example.com,+910164005242,2026-01-01 00:00:00+05:30
24,Amir Bajaj,amir.bajaj24@example.com,+912805982620,2026-01-01 00:00:00+05:30
25,Vishal Rao,vishal.rao25@example.com,+913315869232,2026-01-01 00:00:00+05:30
26,Siddharth Kapoor,siddharth.kapoor26@example.com,+915634216073,2026-01-01 00:00:00+05:30
27,Vikram Iyer,vikram.iyer27@example.com,+913036541458,2026-01-01 00:00:00+05:30
28,Aryan Bajaj,aryan.bajaj28@example.com,+914294019655,2026-01-01 00:00:00+05:30
29,Dhruv Krishnan,dhruv.krishnan29@example.com,+910608835615,2026-01-01 00:00:00+05:30
30,Nikhil Patel,nikhil.patel30@example.com,+916564823662,2026-01-01 00:00:00+05:30
31,Ishan Reddy,ishan.reddy31@example.com,+916995777387,2026-01-01 00:00:00+05:30
32,Ishan Mehta,ishan.mehta32@example.com,+919513433200,2026-01-01 00:00:00+05:30
33,Lalit Bajaj,lalit.bajaj33@example.com,+919367632016,2026-01-01 00:00:00+05:30
34,Priya Iyer,priya.iyer34@example.com,+911727889579,2026-01-01 00:00:00+05:30
35,Meera Bajaj,meera.bajaj35@example.com,+912774348734,2026-01-01 00:00:00+05:30
36,Vishal Shah,vishal.shah36@example.com,+911223623166,2026-01-01 00:00:00+05:30
37,Kunal Bajaj,kunal.bajaj37@example.com,+919096705466,2026-01-01 00:00:00+05:30
38,Nandini Iyer,nandini.iyer38@example.com,+914670656272,2026-01-01 00:00:00+05:30
39,Sachin Kumar,sachin.kumar39@example.com,+911627204653,2026-01-01 00:00:00+05:30
40,Varsha Gupta,varsha.gupta40@example.com,+914170805310,2026-01-01 00:00:00+05:30
41,Balaji Iyer,balaji.iyer41@example.com,+912719374529,2026-01-01 00:00:00+05:30
42,Jatin Menon,jatin.menon42@example.com,+919049663193,2026-01-01 00:00:00+05:30
43,Aryan Tiwari,aryan.tiwari43@example.com,+919058651850,2026-01-01 00:00:00+05:30
44,Ravi Bajaj,ravi.bajaj44@example.com,+917262849877,2026-01-01 00:00:00+05:30
45,Varsha Kapoor,varsha.kapoor45@example.com,+911473799650,2026-01-01 00:00:00+05:30
46,Gopal Singh,gopal.singh46@example.com,+914948083136,2026-01-01 00:00:00+05:30
47,Nandini Joshi,nandini.joshi47@example.com,+910143634957,2026-01-01 00:00:00+05:30
48,Kiran Kaur,kiran.kaur48@example.com,+917444313518,2026-01-01 00:00:00+05:30
49,Harish Mishra,harish.mishra49@example.com,+919894134352,2026-01-01 00:00:00+05:30
50,Alok Shah,alok.shah50@example.com,+914271094777,2026-01-01 00:00:00+05:30
51,Aryan Dubey,aryan.dubey51@example.com,+911671902294,2026-01-01 00:00:00+05:30
52,Raj Tiwari,raj.tiwari52@example.com,+919386774964,2026-01-01 00:00:00+05:30
53,Sneha Reddy,sneha.reddy53@example.com,+913412328120,2026-01-01 00:00:00+05:30
54,Ishan Kaur,ishan.kaur54@example.com,+914713493618,2026-01-01 00:00:00+05:30
55,Alok Varma,alok.varma55@example.com,+914994717464,2026-01-01 00:00:00+05:30
56,Manoj Mishra,manoj.mishra56@example.com,+915940139904,2026-01-01 00:00:00+05:30
57,Meera Kapoor,meera.kapoor57@example.com,+914296717565,2026-01-01 00:00:00+05:30
58,Nandini Patel,nandini.patel58@example.com,+916807154516,2026-01-01 00:00:00+05:30
59,Milan Gupta,milan.gupta59@example.com,+910385977034,2026-01-01 00:00:00+05:30
60,Aryan Kumar,aryan.kumar60@example.com,+919324808613,2026-01-01 00:00:00+05:30
61,Varsha Pillai,varsha.pillai61@example.com,+917484677378,2026-01-01 00:00:00+05:30
62,Ashwin Shukla,ashwin.shukla62@example.com,+911465840449,2026-01-01 00:00:00+05:30
63,Mohan Rao,mohan.rao63@example.com,+915886753396,2026-01-01 00:00:00+05:30
64,Sarath Kapoor,sarath.kapoor64@example.com,+916627028951,2026-01-01 00:00:00+05:30
65,Shyam Pillai,shyam.pillai65@example.com,+916217459615,2026-01-01 00:00:00+05:30
66,Sarath Bajaj,sarath.bajaj66@example.com,+917809134316,2026-01-01 00:00:00+05:30
67,Deepak Kaur,deepak.kaur67@example.com,+914005045562,2026-01-01 00:00:00+05:30
68,Dev Nair,dev.nair68@example.com,+919693792374,2026-01-01 00:00:00+05:30
69,Ishan Bose,ishan.bose69@example.com,+918217594647,2026-01-01 00:00:00+05:30
70,Gaurav Verma,gaurav.verma70@example.com,+919594406409,2026-01-01 00:00:00+05:30
71,Siddharth Das,siddharth.das71@example.com,+914395339421,2026-01-01 00:00:00+05:30
72,Rahul Rao,rahul.rao72@example.com,+912145623285,2026-01-01 00:00:00+05:30
73,Uday Das,uday.das73@example.com,+914517123685,2026-01-01 00:00:00+05:30
74,Krishna Bose,krishna.bose74@example.com,+914965137098,2026-01-01 00:00:00+05:30
75,Milan Kapoor,milan.kapoor75@example.com,+914612004711,2026-01-01 00:00:00+05:30
76,Siddharth Kaur,siddharth.kaur76@example.com,+918692617964,2026-01-01 00:00:00+05:30
77,Vijay Rao,vijay.rao77@example.com,+911585064317,2026-01-01 00:00:00+05:30
78,Alok Tiwari,alok.tiwari78@example.com,+915329318393,2026-01-01 00:00:00+05:30
79,Raj Kumar,raj.kumar79@example.com,+914228421020,2026-01-01 00:00:00+05:30
80,Gopal Sharma,gopal.sharma80@example.com,+912681177589,2026-01-01 00:00:00+05:30
81,Swati Kapoor,swati.kapoor81@example.com,+918470076617,2026-01-01 00:00:00+05:30
82,Balaji Nair,balaji.nair82@example.com,+912499856984,2026-01-01 00:00:00+05:30
83,Vijay Malhotra,vijay.malhotra83@example.com,+918367365766,2026-01-01 00:00:00+05:30
84,Balaji Bose,balaji.bose84@example.com,+917111161528,2026-01-01 00:00:00+05:30
85,Lalit Rao,lalit.rao85@example.com,+916049451983,2026-01-01 00:00:00+05:30
86,Priya Rao,priya.rao86@example.com,+911493689980,2026-01-01 00:00:00+05:30
87,Harish Kaur,harish.kaur87@example.com,+914550229612,2026-01-01 00:00:00+05:30
88,Kunal Gupta,kunal.gupta88@example.com,+917525459910,2026-01-01 00:00:00+05:30
89,Meera Bose,meera.bose89@example.com,+916797643815,2026-01-01 00:00:00+05:30
90,Sachin Patel,sachin.patel90@example.com,+910369003432,2026-01-01 00:00:00+05:30
91,Manoj Varma,manoj.varma91@example.com,+912683885160,2026-01-01 00:00:00+05:30
92,Manoj Nanda,manoj.nanda92@example.com,+916641605297,2026-01-01 00:00:00+05:30
93,Gaurav Gupta,gaurav.gupta93@example.com,+919681645352,2026-01-01 00:00:00+05:30
94,Suraj Rao,suraj.rao94@example.com,+915231243292,2026-01-01 00:00:00+05:30
95,Nandini Joshi,nandini.joshi95@example.com,+919979955271,2026-01-01 00:00:00+05:30
96,Kiran Mehta,kiran.mehta96@example.com,+911477005411,2026-01-01 00:00:00+05:30
97,Swati Mishra,swati.mishra97@example.com,+910793597820,2026-01-01 00:00:00+05:30
98,Anand Mehta,anand.mehta98@example.com,+912037788925,2026-01-01 00:00:00+05:30
99,Raj Sharma,raj.sharma99@example.com,+915151864492,2026-01-01 00:00:00+05:30
100,Rohit Kaur,rohit.kaur100@example.com,+916291486528,2026-01-01 00:00:00+05:30
101,Jatin Varma,jatin.varma101@example.com,+913573322141,2026-01-01 00:00:00+05:30
102,Sachin Singh,sachin.singh102@example.com,+919296222927,2026-01-01 00:00:00+05:30
103,Rajesh Patel,rajesh.patel103@example.com,+917383473597,2026-01-01 00:00:00+05:30
104,Deepak Dubey,deepak.dubey104@example.com,+913924075818,2026-01-01 00:00:00+05:30
105,Vishal Mehta,vishal.mehta105@example.com,+912613750606,2026-01-01 00:00:00+05:30
106,Aditya Singh,aditya.singh106@example.com,+911522047277,2026-01-01 00:00:00+05:30
107,Balaji Shah,balaji.shah107@example.com,+919861434103,2026-01-01 00:00:00+05:30
108,Vishal Das,vishal.das108@example.com,+919808932460,2026-01-01 00:00:00+05:30
109,Anand Mehta,anand.mehta109@example.com,+915188888067,2026-01-01 00:00:00+05:30
110,Kiran Tiwari,kiran.tiwari110@example.com,+911531952058,2026-01-01 00:00:00+05:30
111,Santosh Das,santosh.das111@example.com,+912217043030,2026-01-01 00:00:00+05:30
112,Mohan Krishnan,mohan.krishnan112@example.com,+910345054156,2026-01-01 00:00:00+05:30
113,Dev Das,dev.das113@example.com,+917584161692,2026-01-01 00:00:00+05:30
114,Jatin Joshi,jatin.joshi114@example.com,+919627570596,2026-01-01 00:00:00+05:30
115,Ravi Verma,ravi.verma115@example.com,+915820297021,2026-01-01 00:00:00+05:30
116,Akash Shetty,akash.shetty116@example.com,+912755719285,2026-01-01 00:00:00+05:30
117,Siddharth Varma,siddharth.varma117@example.com,+917868144739,2026-01-01 00:00:00+05:30
118,Vijay Nair,vijay.nair118@example.com,+917271551884,2026-01-01 00:00:00+05:30
119,Ravi Varma,ravi.varma119@example.com,+915831323705,2026-01-01 00:00:00+05:30
120,Rajesh Bajaj,rajesh.bajaj120@example.com,+911146786691,2026-01-01 00:00:00+05:30
121,Nilesh Rao,nilesh.rao121@example.com,+912892268018,2026-01-01 00:00:00+05:30
122,Kiran Mehta,kiran.mehta122@example.com,+914143842498,2026-01-01 00:00:00+05:30
123,Deepak Bose,deepak.bose123@example.com,+919959001094,2026-01-01 00:00:00+05:30
124,Nandini Bajaj,nandini.bajaj124@example.com,+918447364710,2026-01-01 00:00:00+05:30
125,Balaji Singh,balaji.singh125@example.com,+915562588153,2026-01-01 00:00:00+05:30
126,Ishan Verma,ishan.verma126@example.com,+919632595327,2026-01-01 00:00:00+05:30
127,Anand Verma,anand.verma127@example.com,+918733950047,2026-01-01 00:00:00+05:30
128,Aarav Shukla,aarav.shukla128@example.com,+911624565060,2026-01-01 00:00:00+05:30
129,Nikhil Joshi,nikhil.joshi129@example.com,+918499121655,2026-01-01 00:00:00+05:30
130,Lakshmi Mehta,lakshmi.mehta130@example.com,+910002578729,2026-01-01 00:00:00+05:30
131,Lakshmi Shetty,lakshmi.shetty131@example.com,+914958887947,2026-01-01 00:00:00+05:30
132,Rahul Patel,rahul.patel132@example.com,+910974993097,2026-01-01 00:00:00+05:30
133,Balaji Dubey,balaji.dubey133@example.com,+913091307562,2026-01-01 00:00:00+05:30
134,Mohan Shukla,mohan.shukla134@example.com,+910283857865,2026-01-01 00:00:00+05:30
135,Sanjay Pandey,sanjay.pandey135@example.com,+914973348434,2026-01-01 00:00:00+05:30
136,Mohan Rao,mohan.rao136@example.com,+918441986652,2026-01-01 00:00:00+05:30
137,Meera Malhotra,meera.malhotra137@example.com,+914733848421,2026-01-01 00:00:00+05:30
138,Nilesh Iyer,nilesh.iyer138@example.com,+913016571208,2026-01-01 00:00:00+05:30
139,Mohan Das,mohan.das139@example.com,+913454019380,2026-01-01 00:00:00+05:30
140,Vivek Sharma,vivek.sharma140@example.com,+916724004991,2026-01-01 00:00:00+05:30
141,Nilesh Das,nilesh.das141@example.com,+912874315274,2026-01-01 00:00:00+05:30
142,Sanjay Pandey,sanjay.pandey142@example.com,+913296685161,2026-01-01 00:00:00+05:30
143,Gopal Verma,gopal.verma143@example.com,+913745499045,2026-01-01 00:00:00+05:30
144,Lakshmi Bose,lakshmi.bose144@example.com,+918414593327,2026-01-01 00:00:00+05:30
145,Priya Kapoor,priya.kapoor145@example.com,+917833918785,2026-01-01 00:00:00+05:30
146,Nikhil Reddy,nikhil.reddy146@example.com,+919822587139,2026-01-01 00:00:00+05:30
147,Ashwin Mehta,ashwin.mehta147@example.com,+916790874064,2026-01-01 00:00:00+05:30
148,Kiran Kaur,kiran.kaur148@example.com,+911801704622,2026-01-01 00:00:00+05:30
149,Vishal Verma,vishal.verma149@example.com,+917661825128,2026-01-01 00:00:00+05:30
150,Sneha Kumar,sneha.kumar150@example.com,+914786863375,2026-01-01 00:00:00+05:30
151,Akash Tiwari,akash.tiwari151@example.com,+916903311907,2026-01-01 00:00:00+05:30
152,Lakshmi Joshi,lakshmi.joshi152@example.com,+913830284395,2026-01-01 00:00:00+05:30
153,Vipin Pillai,vipin.pillai153@example.com,+918364408926,2026-01-01 00:00:00+05:30
154,Kunal Tiwari,kunal.tiwari154@example.com,+918566246287,2026-01-01 00:00:00+05:30
155,Milan Kapoor,milan.kapoor155@example.com,+910866882634,2026-01-01 00:00:00+05:30
156,Anand Shah,anand.shah156@example.com,+913046990139,2026-01-01 00:00:00+05:30
157,Keerthi Patel,keerthi.patel157@example.com,+910331739363,2026-01-01 00:00:00+05:30
158,Kiran Patel,kiran.patel158@example.com,+914587717535,2026-01-01 00:00:00+05:30
159,Aditya Krishnan,aditya.krishnan159@example.com,+918996423536,2026-01-01 00:00:00+05:30
160,Keerthi Krishnan,keerthi.krishnan160@example.com,+917772522872,2026-01-01 00:00:00+05:30
161,Akash Dubey,akash.dubey161@example.com,+911006231203,2026-01-01 00:00:00+05:30
162,Rajesh Kapoor,rajesh.kapoor162@example.com,+917700886008,2026-01-01 00:00:00+05:30
163,Santosh Bose,santosh.bose163@example.com,+916211823398,2026-01-01 00:00:00+05:30
164,Lakshmi Joshi,lakshmi.joshi164@example.com,+919334101666,2026-01-01 00:00:00+05:30
165,Nandini Shukla,nandini.shukla165@example.com,+916591803397,2026-01-01 00:00:00+05:30
166,Pavan Nanda,pavan.nanda166@example.com,+910250392614,2026-01-01 00:00:00+05:30
167,Vishal Shah,vishal.shah167@example.com,+915621850163,2026-01-01 00:00:00+05:30
168,Lakshmi Pandey,lakshmi.pandey168@example.com,+915047735866,2026-01-01 00:00:00+05:30
169,Ishan Tiwari,ishan.tiwari169@example.com,+913114262655,2026-01-01 00:00:00+05:30
170,Harish Menon,harish.menon170@example.com,+912126788861,2026-01-01 00:00:00+05:30
171,Karthik Shukla,karthik.shukla171@example.com,+916046618398,2026-01-01 00:00:00+05:30
172,Nandini Pillai,nandini.pillai172@example.com,+911264647154,2026-01-01 00:00:00+05:30
173,Milan Menon,milan.menon173@example.com,+912406596575,2026-01-01 00:00:00+05:30
174,Jatin Singh,jatin.singh174@example.com,+919375265479,2026-01-01 00:00:00+05:30
175,Krishna Menon,krishna.menon175@example.com,+919398280737,2026-01-01 00:00:00+05:30
176,Swati Gupta,swati.gupta176@example.com,+917243426617,2026-01-01 00:00:00+05:30
177,Vivek Shukla,vivek.shukla177@example.com,+916805891135,2026-01-01 00:00:00+05:30
178,Rohit Verma,rohit.verma178@example.com,+915610143888,2026-01-01 00:00:00+05:30
179,Suraj Bose,suraj.bose179@example.com,+919825071461,2026-01-01 00:00:00+05:30
180,Milan Tiwari,milan.tiwari180@example.com,+913875717751,2026-01-01 00:00:00+05:30
